scenario_id	mixed_text
water_supply-01	В доме суық су жоқ.
water_supply-08	Из колонки су өте аз ағады.
water_supply-09	После ремонта труб су әлі келген жоқ.
wastewater-01	Во дворе кәріз құдығынан канализационные стоки выходят.
wastewater-08	Ағынды су заливает двор.
wastewater-09	Решётка водоотводного канала қоқыспен бітелген.
electricity-01	В квартире электр қуаты внезапно өшті.
electricity-08	Электр бағанындағы провод повреждён.
electricity-09	Счётчик электроэнергии жұмыс істемей қалды.
street_lighting-01	Уличный фонарь аялдама жанында жанбай тұр.
street_lighting-08	Новый двор сыртқы жарықсыз қалды.
street_lighting-09	Фонарь светит прямо в окна, бірақ тротуарды жарықтандырмайды.
heating-01	Батареи в квартире суық болып тұр.
heating-08	В квартире батареи тым қатты қызып тұр.
heating-09	На теплотрассе возле дома бу шығып тұр.
gas_supply-01	В доме газ келмей қалды.
gas_supply-08	В нескольких домах газ қысымы күрт төмендеді.
gas_supply-09	Газовое оборудование во дворе зақымданған.
roads-01	На проезжей части терең шұңқыр пайда болды.
roads-08	Асфальт на подъезде к дому шөгіп кеткен.
roads-09	На мосту қоршау зақымданған.
public_transport-01	Автобус по маршруту ұзақ уақыт келмейді.
public_transport-08	В автобусе төлем жүйесі жұмыс істемейді.
public_transport-09	Маршрут изменили, бірақ жолаушыларға хабар бермеді.
waste_management-01	Контейнеры во дворе қоқысқа толып кеткен.
waste_management-08	Крупный мусор возле дома шығарылмай жатыр.
waste_management-09	В парке тұрмыстық қалдықтар шашылып жатыр.
landscaping-01	Во дворе ескі ағаш қауіпті болып қисайған.
landscaping-08	На площадке сырғанақ астындағы жабын зақымданған.
landscaping-09	Во дворе пешеходную дорожку шөп басып кеткен.
buildings-01	Лифт в многоквартирном доме жұмыс істемейді.
buildings-08	В жилом доме домофон жиі бұзылады.
buildings-09	В подъезде төбеден су ағып жатыр.
healthcare-01	Дәрігердің қабылдауына записаться не удаётся.
healthcare-08	После вызова врача на дом ешкім келмеді.
healthcare-09	В прививочном кабинете запись жұмыс істемейді.
veterinary-01	Во дворе иесіз иттердің тобы пайда болды.
veterinary-08	Бездомному животному ветеринар көмегі қажет.
veterinary-09	Возле детской площадки агрессивті иттер жүгіріп жүр.
environment-01	На улице өндірістік шығарындылардың қатты иісі бар.
environment-08	Возле дороги неизвестное вещество топыраққа төгілген.
environment-09	В районе ашық оттан қара түтін көрінеді.
education-01	В школе бірінші сыныпқа орын жетіспейді.
education-08	Запись ребёнка в школу через портал жұмыс істемейді.
education-09	Школьный автобус учеников кесте бойынша алып кетпейді.
telecom-01	Дома интернет мүлде жоғалды.
telecom-08	Домашний роутер желіден сигнал алмай тұр.
telecom-09	В районе ұялы желінің сигналы почти отсутствует.
