topic_id	ru	kk
water_supply	В доме нет холодной воды.	Үйде суық су жоқ.
water_supply	Из крана течёт ржавая вода.	Краннан тот басқан су ағып тұр.
water_supply	Напор воды в квартире очень слабый.	Пәтерде судың қысымы өте төмен.
water_supply	Во дворе протекает водопроводная труба.	Аулада су құбыры ағып жатыр.
water_supply	Горячая вода идёт с перебоями.	Ыстық су үзіліспен беріліп жатыр.
water_supply	Из крана идёт мутная вода.	Краннан лай су ағып тұр.
water_supply	В нескольких квартирах перестала поступать вода.	Бірнеше пәтерге су келмей қалды.
water_supply	Вода из колонки почти не течёт.	Көшедегі су бағанасынан су өте аз ағады.
water_supply	После ремонта труб вода так и не появилась.	Құбыр жөнделгеннен кейін де су келмеді.
water_supply	На улице видна утечка чистой воды из трубы.	Көшеде құбырдан таза су ағып жатыр.
wastewater	Канализационные стоки выходят из колодца во дворе.	Ауладағы кәріз құдығынан ағынды су шығып жатыр.
wastewater	В квартире вода не уходит из раковины.	Пәтерде раковинадағы су ақпай қалды.
wastewater	Из канализационного люка идёт сильный запах.	Кәріз құдығынан қатты иіс шығып тұр.
wastewater	В подвале скопились канализационные стоки.	Жертөледе кәріз суы жиналып қалды.
wastewater	Канализационная труба возле дома протекает.	Үй жанындағы кәріз құбыры ағып жатыр.
wastewater	После дождя ливневая канализация не отводит воду.	Жаңбырдан кейін нөсер кәрізі суды әкетпейді.
wastewater	Ванна и унитаз засорились одновременно.	Ванна мен дәретхана бір уақытта бітеліп қалды.
wastewater	Сточная вода заливает двор.	Ағынды су ауланы басып жатыр.
wastewater	Решётка водоотводного канала забита мусором.	Су ағатын арнаның торы қоқыспен бітелген.
wastewater	Из повреждённой трубы вытекают нечистоты.	Бүлінген құбырдан кәріз суы ағып жатыр.
electricity	В квартире внезапно отключилось электричество.	Пәтерде электр қуаты кенеттен өшті.
electricity	В доме часто скачет напряжение.	Үйде кернеу жиі құбылады.
electricity	На улице искрит электрический кабель.	Көшеде электр кабелі ұшқын шығарып тұр.
electricity	В нескольких домах пропало электричество.	Бірнеше үйде электр қуаты өшті.
electricity	Электрощиток в подъезде сильно нагревается.	Кіреберістегі электр қалқаны қатты қызып тұр.
electricity	После отключения электричество не восстановили.	Ажыратудан кейін электр қуаты қалпына келмеді.
electricity	В розетках дома слишком низкое напряжение.	Үйдегі розеткаларда кернеу тым төмен.
electricity	Повреждён провод на опоре электросети.	Электр бағанындағы сым зақымданған.
electricity	Счётчик электроэнергии перестал работать.	Электр есептегіші жұмыс істемей қалды.
electricity	Во время ветра свет в доме постоянно гаснет.	Жел соққанда үйдегі жарық қайта-қайта өшеді.
street_lighting	Уличный фонарь возле остановки не горит.	Аялдама жанындағы көше шамы жанбай тұр.
street_lighting	Во дворе вечером не включается освещение.	Кешке ауладағы жарық қосылмайды.
street_lighting	Фонарь на пешеходной дорожке мигает.	Жаяу жүргінші жолындағы шам жыпылықтайды.
street_lighting	На улице повреждён столб освещения.	Көшедегі жарық бағаны зақымданған.
street_lighting	У перехода совсем нет наружного света.	Өткел маңында сыртқы жарық мүлде жоқ.
street_lighting	Несколько фонарей вдоль дороги погасли.	Жол бойындағы бірнеше шам сөніп қалған.
street_lighting	Уличные светильники включаются слишком поздно.	Көше шамдары тым кеш қосылады.
street_lighting	Новый двор остался без наружного освещения.	Жаңа аулада сыртқы жарық жоқ.
street_lighting	Фонарь светит прямо в окна и не освещает тротуар.	Шам тротуарды жарықтандырмай, терезеге тура түсіп тұр.
street_lighting	После ремонта фонарь снова перестал работать.	Жөндеуден кейін шам қайтадан жанбай қалды.
heating	Батареи в квартире остаются холодными.	Пәтердегі батареялар суық болып тұр.
heating	Отопление работает только в одной комнате.	Жылу тек бір бөлмеде бар.
heating	В доме батареи едва тёплые.	Үйдегі батареялар әрең жылынып тұр.
heating	Из трубы отопления в подвале течёт вода.	Жертөледегі жылу құбырынан су ағып жатыр.
heating	После запуска отопления квартира не прогрелась.	Жылу қосылғаннан кейін пәтер жылынбады.
heating	В подъезде повреждён радиатор отопления.	Кіреберістегі жылыту радиаторы зақымданған.
heating	Отопление постоянно отключается на несколько часов.	Жылу бірнеше сағатқа жиі өшеді.
heating	В квартире батареи стали слишком горячими.	Пәтердегі батареялар тым қатты қызып тұр.
heating	На теплотрассе возле дома виден пар.	Үй жанындағы жылу құбырынан бу шығып тұр.
heating	В школе не работает отопление.	Мектепте жылу жұмыс істемей тұр.
gas_supply	В доме перестал поступать газ.	Үйге газ келмей қалды.
gas_supply	Возле газовой трубы чувствуется запах газа.	Газ құбырының жанында газ иісі сезіледі.
gas_supply	Газовая плита горит очень слабым пламенем.	Газ плитасының жалыны өте әлсіз.
gas_supply	На улице повреждена газовая труба.	Көшедегі газ құбыры зақымданған.
gas_supply	После работ газ в доме не включили.	Жұмыстардан кейін үйге газ қосылмады.
gas_supply	Газовый счётчик показывает ошибку.	Газ есептегіші қате көрсетіп тұр.
gas_supply	На соединении газовой трубы слышно шипение.	Газ құбырының қосылған жерінен ысылдаған дыбыс шығады.
gas_supply	В нескольких домах резко упало давление газа.	Бірнеше үйде газ қысымы күрт төмендеді.
gas_supply	Газовое оборудование во дворе повреждено.	Ауладағы газ жабдығы зақымданған.
gas_supply	Подача газа прерывается каждый вечер.	Газ беру әр кеш сайын үзіледі.
roads	На проезжей части образовалась глубокая яма.	Жолдың жүріс бөлігінде терең шұңқыр пайда болды.
roads	На перекрёстке не работает светофор.	Қиылыста бағдаршам жұмыс істемейді.
roads	Тротуар возле остановки разрушен.	Аялдама жанындағы тротуар бұзылған.
roads	После дождя дорогу полностью затапливает.	Жаңбырдан кейін жолды су басады.
roads	На пешеходном переходе стёрлась разметка.	Жаяу жүргінші өткеліндегі белгі сызықтары өшкен.
roads	Дорожный знак наклонился и плохо виден.	Жол белгісі қисайып, дұрыс көрінбей тұр.
roads	На дороге отсутствует крышка люка.	Жолдағы құдық қақпағы жоқ.
roads	Асфальт на подъезде к дому просел.	Үйге кіреберіс жолдағы асфальт шөгіп кеткен.
roads	На мосту повреждено ограждение.	Көпірдегі қоршау зақымданған.
roads	На повороте отвалился кусок дорожного покрытия.	Бұрылыста жол жабынының бір бөлігі опырылған.
public_transport	Автобус по маршруту долго не приходит.	Бағыттағы автобус ұзақ уақыт келмейді.
public_transport	Водитель проехал остановку и не остановился.	Жүргізуші аялдамадан тоқтамай өтіп кетті.
public_transport	Вечером автобусы заканчивают движение раньше расписания.	Кешке автобустар кестеден ерте тоқтайды.
public_transport	В автобусе слишком много пассажиров.	Автобуста жолаушылар тым көп.
public_transport	Расписание на остановке не соответствует приезду автобусов.	Аялдамадағы кесте автобустардың келу уақытына сәйкес емес.
public_transport	На остановке сломан навес для пассажиров.	Аялдамадағы жолаушылар қалқасы сынған.
public_transport	Автобус регулярно пропускает утренний рейс.	Автобус таңғы рейсті жиі өткізеді.
public_transport	В автобусе не работает система оплаты.	Автобуста төлем жүйесі жұмыс істемейді.
public_transport	Маршрут изменили, но пассажиров не предупредили.	Бағыт өзгерген, бірақ жолаушыларға хабар берілмеген.
public_transport	На остановке нет информации о времени прибытия.	Аялдамада келу уақыты туралы ақпарат жоқ.
waste_management	Контейнеры во дворе переполнены мусором.	Ауладағы контейнерлер қоқысқа толып кеткен.
waste_management	Возле площадки лежат неубранные отходы.	Алаңның жанында жиналмаған қалдықтар жатыр.
waste_management	Мусоровоз несколько дней не приезжал.	Қоқыс көлігі бірнеше күннен бері келмеді.
waste_management	Во дворе сломан мусорный контейнер.	Ауладағы қоқыс контейнері сынған.
waste_management	На пустыре появилась несанкционированная свалка.	Бос жерде заңсыз қоқыс үйіндісі пайда болды.
waste_management	После уборки мусор остался на земле.	Тазалаудан кейін қоқыс жерде қалып қойды.
waste_management	Контейнерная площадка сильно загрязнена.	Қоқыс алаңы қатты ластанған.
waste_management	Крупный мусор возле дома не вывозят.	Үй жанындағы ірі қоқыс шығарылмай жатыр.
waste_management	В парке разбросаны бытовые отходы.	Саябақта тұрмыстық қалдықтар шашылып жатыр.
waste_management	Крышки мусорных баков не закрываются.	Қоқыс жәшіктерінің қақпақтары жабылмайды.
landscaping	Во дворе опасно наклонилось старое дерево.	Ауладағы ескі ағаш қауіпті болып қисайған.
landscaping	На детской площадке сломаны качели.	Балалар алаңындағы әткеншек сынған.
landscaping	В сквере давно не косили траву.	Шағын саябақтағы шөп көптен бері шабылмаған.
landscaping	Во дворе после ветра лежат сломанные ветки.	Желден кейін аулада сынған бұтақтар жатыр.
landscaping	На аллее повреждены скамейки.	Аллеядағы орындықтар зақымданған.
landscaping	На газоне не работает система полива.	Көгалдағы суару жүйесі жұмыс істемейді.
landscaping	В парке пересохли молодые деревья.	Саябақтағы жас ағаштар қурап қалған.
landscaping	На площадке повреждено покрытие под горкой.	Алаңдағы сырғанақ астындағы жабын зақымданған.
landscaping	Во дворе заросла пешеходная дорожка.	Ауладағы жаяу жүргінші жолын шөп басып кеткен.
landscaping	После посадки деревья не поливают.	Отырғызылған ағаштар суарылмай жатыр.
buildings	Лифт в многоквартирном доме не работает.	Көпқабатты үйдегі лифт жұмыс істемейді.
buildings	С крыши дома во время дождя течёт вода.	Жаңбыр кезінде үйдің төбесінен су ағады.
buildings	В подъезде сломана входная дверь.	Кіреберістің есігі сынған.
buildings	В подвале жилого дома стоит вода.	Тұрғын үйдің жертөлесінде су жиналған.
buildings	На лестнице в подъезде повреждены ступени.	Кіреберіс баспалдақтарының сатылары зақымданған.
buildings	В подъезде не работают лампы освещения.	Кіреберістегі жарық шамдары жанбайды.
buildings	С фасада дома осыпается штукатурка.	Үйдің қасбетінен сылақ түсіп жатыр.
buildings	В жилом доме постоянно ломается домофон.	Тұрғын үйде домофон жиі бұзылады.
buildings	В подъезде протекает потолок.	Кіреберістің төбесінен су ағып жатыр.
buildings	На балконе общего пользования повреждено ограждение.	Ортақ балконның қоршауы зақымданған.
healthcare	Не удаётся записаться на приём к врачу.	Дәрігердің қабылдауына жазыла алмай жүрмін.
healthcare	Скорая помощь долго не приезжает после вызова.	Шақырғаннан кейін жедел жәрдем ұзақ келмейді.
healthcare	В поликлинике отменили приём без уведомления.	Емханада қабылдауды ескертусіз тоқтатты.
healthcare	В регистратуре поликлиники большая очередь.	Емхана тіркеу бөлімінде үлкен кезек бар.
healthcare	В больнице не выдают результаты обследования.	Ауруханада тексеру нәтижелерін бермей жатыр.
healthcare	На портале не открывается запись к педиатру.	Порталда педиатрға жазылу ашылмайды.
healthcare	В поликлинике нет нужного специалиста.	Емханада қажетті маман жоқ.
healthcare	После вызова врача на дом никто не пришёл.	Үйге дәрігер шақырғаннан кейін ешкім келмеді.
healthcare	В прививочном кабинете не работает запись.	Егу кабинетіне жазылу жұмыс істемейді.
healthcare	Пациентов направляют между кабинетами без объяснения.	Науқастарды түсіндірместен кабинеттер арасында жібереді.
veterinary	Во дворе появилась стая безнадзорных собак.	Аулада иесіз иттердің тобы пайда болды.
veterinary	Возле дороги лежит погибшее животное.	Жол жанында өлген жануар жатыр.
veterinary	На улице замечена раненая собака без хозяина.	Көшеде иесі жоқ жаралы ит жүр.
veterinary	Во дворе много безнадзорных кошек.	Аулада иесіз мысықтар көбейіп кетті.
veterinary	Стая собак мешает проходу к остановке.	Иттер тобы аялдамаға өтуге кедергі келтіреді.
veterinary	В подвале развелись крысы.	Жертөледе егеуқұйрықтар көбейген.
veterinary	У жилого дома обнаружены опасные насекомые.	Тұрғын үй жанында қауіпті жәндіктер табылды.
veterinary	Бездомное животное нуждается в помощи ветеринара.	Иесіз жануарға ветеринар көмегі қажет.
veterinary	Возле детской площадки бегают агрессивные собаки.	Балалар алаңының жанында агрессивті иттер жүр.
veterinary	После отлова безнадзорные животные снова появились.	Ауланғаннан кейін иесіз жануарлар қайта пайда болды.
environment	На улице стоит сильный запах промышленных выбросов.	Көшеде өндірістік шығарындылардың қатты иісі бар.
environment	Над районом заметна густая дымка.	Ауданның үстінде қою түтін байқалады.
environment	Рядом с домами сжигают отходы.	Үйлердің жанында қалдықтар өртеліп жатыр.
environment	Из трубы предприятия идёт плотный дым.	Кәсіпорын мұржасынан қою түтін шығып жатыр.
environment	В ручье заметна загрязнённая вода.	Бұлақтағы судың ластанғаны байқалады.
environment	На пустыре появился резкий химический запах.	Бос жерде өткір химиялық иіс пайда болды.
environment	После работ в воздухе много пыли.	Жұмыстардан кейін ауада шаң көп.
environment	Возле дороги неизвестное вещество попало в почву.	Жол маңында белгісіз зат топыраққа төгілген.
environment	В районе виден чёрный дым от открытого огня.	Ауданда ашық оттан қара түтін көрінеді.
environment	После дождя в водоёме появилась пена.	Жаңбырдан кейін су айдынында көбік пайда болды.
education	В школе не хватает мест в первом классе.	Мектепте бірінші сыныпқа орын жетіспейді.
education	Не удаётся подать заявление в детский сад.	Балабақшаға өтініш бере алмай жүрмін.
education	В школьном классе слишком много учеников.	Мектеп сыныбында оқушы тым көп.
education	В школе отменили уроки без уведомления родителей.	Мектепте ата-аналарға ескертпей сабақтарды тоқтатты.
education	В детском саду закрыли группу без объяснения.	Балабақшада топты түсіндірмей жапты.
education	Не получается получить справку об обучении.	Оқу туралы анықтаманы ала алмай жүрмін.
education	В школе не выдали расписание занятий.	Мектепте сабақ кестесін бермеді.
education	Запись ребёнка в школу через портал не работает.	Портал арқылы баланы мектепке тіркеу жұмыс істемейді.
education	Школьный автобус не забирает учеников по расписанию.	Мектеп автобусы оқушыларды кесте бойынша алып кетпейді.
education	В школе не хватает учебников для класса.	Мектеп сыныбына оқулықтар жетіспейді.
telecom	Дома полностью пропал интернет.	Үйде интернет мүлде жоғалды.
telecom	Мобильная связь в районе постоянно прерывается.	Ауданда ұялы байланыс үнемі үзіледі.
telecom	Скорость домашнего интернета очень низкая.	Үйдегі интернет жылдамдығы өте төмен.
telecom	После ремонта кабеля сеть не восстановилась.	Кабель жөнделгеннен кейін желі қалпына келмеді.
telecom	Не проходят входящие звонки на мобильный телефон.	Ұялы телефонға кіріс қоңыраулар түспейді.
telecom	В подъезде повреждён кабель связи.	Кіреберістегі байланыс кабелі зақымданған.
telecom	Общественная точка Wi-Fi перестала работать.	Қоғамдық Wi-Fi нүктесі жұмыс істемей қалды.
telecom	Домашний роутер не получает сигнал от сети.	Үйдегі роутер желіден сигнал алмай тұр.
telecom	В районе почти нет сигнала мобильной сети.	Ауданда ұялы желі сигналы өте әлсіз.
telecom	Проводная телефонная линия не работает.	Сымды телефон желісі жұмыс істемейді.
